﻿Designator,Footprint,Quantity,Value,LCSC Part #
"C1, C2, C3, C4, C9",0603,5,100nF,
"C10, C5, C7",0603,3,0.1uF,
C11,0603,1,0.22uF,
C12,0603,1,4.7uF,
"C6, C8",0603,2,0.01uF,
"D1, D2, D3, D4",0603,4,1N4148,
"J1, J2, J3, J4",SolderWire-0.5sqmm_1x02_P4.8mm_D0.9mm_OD2.3mm,4,Conn_01x02_Socket,
"J10, J5, J6",JST_PH_S10B-PH-K_1x10_P2.00mm_Horizontal,3,Conn_01x10_Socket,
J9,SolderWire-0.5sqmm_1x03_P4.8mm_D0.9mm_OD2.3mm,1,Conn_01x03_Socket,
"Q1, Q2, Q3, Q4",SOT-23,4,Si2319CDS,
"R1, R10, R11, R12, R13, R2, R3, R4, R7, R8, R9",0603,11,10k,
"R5, R6",0603,2,1M,
U1,Firebeetle ESP32-S3,1,DFR0654,
U2,InvenSense_QFN-24_4x4mm_P0.5mm,1,MPU-6050,
U3,LGA-8_3x5mm_P1.25mm,1,MS5611-01BA,
U4,XDCR_HMC5883L-TR,1,HMC5883L-TR,
